Site	C1	C2	C3	C4
1	0.937	0.062	0	0
2	0.935	0.064	0.001	0
3	0.906	0.032	0.042	0.019
4	0.943	0.039	0.012	0.006
5	0.917	0.035	0.033	0.015
6	0.949	0.035	0.011	0.005
7	0.001	0.756	0	0.243
8	0.935	0.064	0.001	0
9	0.956	0.041	0.002	0.001
10	0.917	0.027	0.041	0.015
11	0.941	0.046	0.008	0.005
12	0.945	0.026	0.021	0.007
13	0.956	0.041	0.002	0.001
14	0.926	0.025	0.037	0.012
15	0.935	0.064	0.001	0
16	0	0.001	0	0.999
17	0.937	0.041	0.014	0.008
18	0.949	0.035	0.011	0.005
19	0.941	0.046	0.008	0.005
20	0.941	0.046	0.008	0.005
21	0.94	0.022	0.029	0.008
22	0.947	0.051	0.001	0.001
23	0.962	0.019	0.015	0.004
24	0.001	0.936	0	0.063
25	0.919	0.034	0.032	0.015
26	0.917	0.027	0.041	0.015
27	0.946	0.026	0.021	0.007
28	0.933	0.038	0.019	0.01
29	0.917	0.027	0.041	0.015
30	0.917	0.027	0.041	0.015
31	0.92	0.039	0.027	0.014
32	0.923	0.029	0.034	0.013
33	0.919	0.034	0.032	0.015
34	0.946	0.026	0.021	0.007
35	0.933	0.048	0.012	0.007
36	0.933	0.038	0.019	0.01
37	0.956	0.041	0.002	0.001
38	0.935	0.021	0.035	0.009
39	0.007	0	0.603	0.389
40	0.92	0.039	0.027	0.014
41	0.94	0.022	0.029	0.008
42	0.94	0.022	0.029	0.008
43	0.917	0.027	0.041	0.015
44	0.937	0.062	0	0
45	0.956	0.041	0.002	0.001
46	0.919	0.039	0.027	0.014
47	0.92	0.039	0.027	0.014
48	0.937	0.062	0.001	0
49	0.547	0.028	0.263	0.163
50	0.959	0.035	0.004	0.002
51	0.949	0.035	0.011	0.005
52	0.956	0.041	0.002	0.001
53	0.962	0.019	0.015	0.004
54	0.937	0.062	0.001	0
55	0.935	0.064	0.001	0
56	0.956	0.041	0.002	0.001
57	0.961	0.034	0.003	0.001
58	0.943	0.039	0.012	0.006
59	0.961	0.034	0.003	0.001
60	0.916	0.027	0.041	0.015
61	0.952	0.041	0.005	0.002
62	0.944	0.039	0.012	0.006
63	0.952	0.041	0.005	0.002
64	0.933	0.038	0.019	0.01
65	0.962	0.026	0.009	0.003
66	0.93	0.042	0.018	0.01
67	0.93	0.042	0.018	0.01
68	0.92	0.039	0.027	0.014
69	0.94	0.022	0.029	0.008
70	0.944	0.039	0.012	0.006
71	0.945	0.026	0.021	0.007
72	0.96	0.034	0.004	0.002
73	0.935	0.064	0.001	0
74	0.917	0.027	0.041	0.015
75	0.937	0.062	0.001	0
76	0.92	0.039	0.027	0.014
77	0.961	0.034	0.003	0.001
78	0.935	0.064	0.001	0
79	0.92	0.039	0.027	0.014
80	0.937	0.023	0.03	0.009
81	0.941	0.046	0.008	0.005
82	0.937	0.023	0.03	0.009
83	0	0	0.574	0.426
84	0.961	0.034	0.003	0.001
85	0.956	0.041	0.002	0.001
86	0.937	0.062	0	0
87	0.952	0.041	0.005	0.002
88	0	0	0.622	0.378
89	0.933	0.041	0.016	0.009
90	0.949	0.035	0.011	0.005
91	0.956	0.041	0.002	0.001
92	0.957	0.032	0.007	0.003
93	0.957	0.032	0.007	0.003
94	0.957	0.032	0.007	0.003
95	0.961	0.034	0.003	0.001
96	0.917	0.027	0.041	0.015
97	0.957	0.032	0.007	0.003
98	0.918	0.028	0.039	0.015
99	0	0	0.617	0.383
100	0.956	0.027	0.013	0.004
101	0	0.675	0	0.324
102	0.917	0.027	0.041	0.015
103	0.956	0.041	0.002	0.001
104	0	0	0.61	0.39
105	0.726	0.033	0.155	0.086
106	0.906	0.032	0.042	0.019
107	0.962	0.019	0.015	0.004
108	0.944	0.038	0.012	0.006
109	0.884	0.035	0.055	0.027
110	0.953	0.031	0.011	0.005
111	0.933	0.064	0.001	0.001
112	0	0.046	0	0.954
113	0.919	0.034	0.032	0.015
114	0.949	0.035	0.011	0.005
115	0.956	0.041	0.002	0.001
116	0.946	0.046	0.005	0.003
117	0.94	0.022	0.029	0.008
118	0.957	0.032	0.007	0.003
119	0.92	0.039	0.027	0.014
120	0.949	0.035	0.011	0.005
121	0.933	0.041	0.016	0.009
122	0.914	0.038	0.032	0.016
123	0.771	0.052	0.098	0.08
124	0.94	0.022	0.029	0.008
125	0.269	0.012	0.468	0.252
126	0.933	0.048	0.012	0.007
127	0.942	0.025	0.025	0.008
128	0.927	0.067	0.003	0.003
129	0.941	0.046	0.008	0.005
130	0.952	0.041	0.005	0.002
131	0.92	0.039	0.027	0.014
132	0.94	0.022	0.029	0.008
133	0.936	0.062	0.001	0.001
134	0.919	0.034	0.032	0.015
135	0.918	0.031	0.036	0.015
136	0.917	0.027	0.041	0.015
137	0.017	0.001	0.607	0.376
138	0.941	0.046	0.008	0.005
139	0.941	0.046	0.008	0.005
140	0.936	0.038	0.017	0.009
141	0.93	0.042	0.018	0.01
142	0.962	0.019	0.015	0.004
143	0.937	0.062	0	0
144	0.947	0.051	0.001	0.001
145	0.935	0.064	0.001	0
146	0.956	0.041	0.002	0.001
147	0.94	0.022	0.029	0.008
148	0.956	0.041	0.002	0.001
149	0.906	0.032	0.042	0.019
150	0.919	0.034	0.032	0.015
151	0.873	0.06	0.037	0.031
152	0.946	0.032	0.016	0.007
153	0.94	0.022	0.029	0.008
154	0.937	0.062	0.001	0
155	0.139	0.009	0.476	0.376
156	0.949	0.035	0.011	0.005
157	0.96	0.035	0.004	0.002
158	0.002	0.732	0	0.266
159	0.707	0.026	0.183	0.084
160	0.957	0.032	0.007	0.003
161	0.933	0.048	0.012	0.007
162	0.02	0.001	0.565	0.413
163	0.937	0.062	0	0
164	0.922	0.029	0.035	0.014
165	0.007	0	0.638	0.354
166	0.937	0.023	0.03	0.009
167	0.938	0.036	0.017	0.008
168	0.94	0.022	0.029	0.008
169	0.922	0.029	0.035	0.014
170	0.962	0.019	0.015	0.004
171	0.962	0.019	0.015	0.004
172	0.961	0.034	0.003	0.001
173	0.952	0.041	0.005	0.002
174	0.949	0.035	0.011	0.005
175	0.933	0.048	0.012	0.007
176	0.935	0.021	0.035	0.009
177	0.89	0.031	0.056	0.024
178	0.917	0.027	0.041	0.015
179	0.937	0.062	0.001	0
180	0.946	0.026	0.021	0.007
181	0.919	0.034	0.032	0.015
182	0.883	0.035	0.055	0.027
183	0.937	0.062	0	0
184	0.933	0.038	0.019	0.01
185	0.953	0.031	0.011	0.005
186	0.945	0.04	0.01	0.005
187	0.952	0.032	0.012	0.005
188	0.906	0.032	0.042	0.019
189	0.76	0.051	0.104	0.085
190	0.954	0.041	0.003	0.002
191	0.917	0.027	0.041	0.015
192	0.917	0.027	0.041	0.015
193	0.943	0.039	0.012	0.006
194	0	0.943	0	0.057
195	0	0.004	0	0.996
196	0.941	0.028	0.023	0.008
197	0.919	0.034	0.032	0.015
198	0.664	0.029	0.199	0.108
199	0.935	0.064	0.001	0
200	0.932	0.065	0.002	0.001
201	0.917	0.035	0.033	0.015
202	0.935	0.021	0.035	0.009
203	0.953	0.042	0.003	0.002
204	0.952	0.041	0.005	0.002
205	0.867	0.057	0.043	0.034
206	0.917	0.027	0.041	0.015
207	0.937	0.062	0	0
208	0.956	0.041	0.002	0.001
209	0.941	0.046	0.008	0.005
210	0.951	0.041	0.005	0.003
211	0.962	0.026	0.009	0.003
212	0.956	0.041	0.002	0.001
213	0	0.711	0	0.289
214	0.937	0.062	0.001	0
215	0.962	0.019	0.015	0.004
216	0.053	0.003	0.544	0.4
217	0.645	0.028	0.213	0.114
218	0.937	0.062	0.001	0
219	0.937	0.061	0.001	0.001
220	0.782	0.034	0.119	0.065
221	0.956	0.041	0.002	0.001
222	0.953	0.031	0.011	0.005
223	0.916	0.028	0.041	0.015
224	0.906	0.032	0.042	0.019
225	0.933	0.038	0.019	0.01
226	0.92	0.039	0.027	0.014
227	0.952	0.041	0.005	0.002
228	0.955	0.041	0.002	0.001
229	0.936	0.042	0.015	0.008
230	0.952	0.041	0.005	0.002
231	0.93	0.042	0.018	0.01
232	0.919	0.034	0.032	0.015
233	0.92	0.03	0.035	0.014
234	0.923	0.029	0.034	0.013
235	0.94	0.022	0.029	0.008
236	0.922	0.04	0.024	0.013
237	0.933	0.038	0.019	0.01
238	0.931	0.038	0.02	0.01
239	0.919	0.034	0.032	0.015
240	0.945	0.04	0.01	0.005
241	0.937	0.023	0.03	0.009
242	0.957	0.032	0.007	0.003
243	0.944	0.039	0.012	0.006
244	0.933	0.038	0.019	0.01
245	0.93	0.042	0.018	0.01
246	0.94	0.022	0.03	0.009
247	0.919	0.034	0.032	0.015
248	0.93	0.042	0.018	0.01
249	0.919	0.034	0.032	0.015
250	0.952	0.041	0.005	0.002
251	0.942	0.039	0.013	0.006
252	0.94	0.022	0.029	0.008
253	0.937	0.062	0	0
254	0.952	0.041	0.005	0.002
255	0.001	0	0.577	0.422
256	0.937	0.062	0.001	0
257	0.937	0.062	0	0
258	0.952	0.041	0.005	0.002
259	0	0	0.591	0.409
260	0.927	0.027	0.033	0.012
261	0.956	0.041	0.002	0.001
262	0.92	0.039	0.027	0.014
263	0.937	0.062	0.001	0
264	0.953	0.031	0.011	0.005
265	0.933	0.048	0.012	0.007
266	0	0	0.623	0.377
267	0.962	0.019	0.015	0.004
268	0.907	0.031	0.043	0.018
269	0.94	0.022	0.029	0.008
270	0.007	0	0.614	0.378
271	0.941	0.046	0.008	0.005
272	0.924	0.029	0.034	0.013
273	0.956	0.041	0.002	0.001
274	0.917	0.027	0.041	0.015
275	0.934	0.063	0.002	0.001
276	0.956	0.041	0.002	0.001
277	0.004	0	0.683	0.313
278	0.962	0.026	0.009	0.003
279	0.933	0.038	0.019	0.01
280	0.949	0.035	0.011	0.005
281	0.935	0.021	0.035	0.009
282	0	0	0.584	0.416
283	0.945	0.047	0.005	0.003
284	0.949	0.035	0.011	0.005
285	0.962	0.019	0.015	0.004
286	0.937	0.062	0.001	0
287	0.956	0.041	0.002	0.001
288	0.937	0.062	0	0
289	0.957	0.032	0.007	0.003
290	0	0	0.582	0.418
291	0.944	0.027	0.021	0.007
292	0	0.736	0	0.264
293	0.956	0.041	0.002	0.001
294	0.945	0.047	0.005	0.003
295	0.94	0.022	0.029	0.008
296	0.93	0.042	0.018	0.01
297	0	0.816	0.026	0.158
298	0.932	0.022	0.036	0.01
299	0	0.625	0	0.375
300	0.02	0.001	0.565	0.413
301	0.917	0.027	0.041	0.015
302	0.935	0.064	0.001	0
303	0.962	0.019	0.015	0.004
304	0.952	0.041	0.005	0.002
305	0.937	0.062	0.001	0
306	0.917	0.027	0.041	0.015
307	0.937	0.062	0.001	0
308	0.937	0.062	0	0
309	0.937	0.062	0	0
310	0.935	0.064	0.001	0
311	0.93	0.042	0.018	0.01
312	0.933	0.038	0.019	0.01
313	0.956	0.041	0.002	0.001
314	0.921	0.031	0.034	0.014
315	0.935	0.064	0.001	0
316	0.953	0.031	0.011	0.005
317	0.937	0.062	0	0
318	0.961	0.034	0.003	0.001
319	0.957	0.032	0.007	0.003
320	0.956	0.033	0.008	0.003
321	0.93	0.039	0.021	0.011
322	0.953	0.031	0.011	0.005
323	0.936	0.038	0.017	0.009
324	0.949	0.035	0.011	0.005
325	0	0.614	0	0.386
326	0.869	0.058	0.041	0.033
327	0.939	0.029	0.023	0.009
328	0.92	0.039	0.027	0.014
329	0.001	0.812	0	0.187
330	0.954	0.041	0.003	0.002
331	0.942	0.047	0.007	0.004
332	0.919	0.034	0.032	0.015
333	0	0.734	0	0.266
334	0.935	0.021	0.035	0.009
335	0.014	0.129	0.592	0.265
336	0.946	0.038	0.011	0.005
337	0.94	0.022	0.029	0.008
338	0.935	0.021	0.035	0.009
339	0.93	0.042	0.018	0.01
340	0.936	0.042	0.015	0.008
341	0.919	0.034	0.032	0.015
342	0.957	0.032	0.007	0.003
343	0.947	0.051	0.001	0.001
344	0.933	0.038	0.019	0.01
345	0.941	0.046	0.008	0.005
346	0.924	0.029	0.034	0.013
347	0.945	0.026	0.021	0.007
348	0.94	0.022	0.029	0.008